<?xml version="1.0"?>
<!--
   Licensed to the Apache Software Foundation (ASF) under one or more
   contributor license agreements.  See the NOTICE file distributed with
   this work for additional information regarding copyright ownership.
   The ASF licenses this file to You under the Apache License, Version 2.0
   (the "License"); you may not use this file except in compliance with
   the License.  You may obtain a copy of the License at

       http://www.apache.org/licenses/LICENSE-2.0

   Unless required by applicable law or agreed to in writing, software
   distributed under the License is distributed on an "AS IS" BASIS,
   WITHOUT WARRANTIES OR CONDITIONS OF ANY KIND, either express or implied.
   See the License for the specific language governing permissions and
   limitations under the License.
-->
<document>
   <properties>
      <title>Downloads</title>
   </properties>

   <body>
      <section name="Download Compress">

         <subsection name="Releases">
            <p>
               There are currently no official downloads.
<!--
               Download the <a href="http://commons.apache.org/downloads/download_compress.cgi">Latest Release</a>
               of Commons Compress.
-->
            </p>

         </subsection>

         <subsection name="Building Commons Compress">
            <p>
                To obtain the Commons Compress source, you can either:
            </p>
            <ul>
                <li>
                    Check the source out of SVN using:
                    <br/>
                    HEAD:
                    <code>svn co http://svn.apache.org/repos/asf/commons/proper/compress/trunk compress</code>
                    <br/>
                    For a certain version please look at
                    <a href="http://svn.apache.org/repos/asf/commons/proper/compress/tags">
                        http://svn.apache.org/repos/asf/commons/proper/compress/tags</a>
                </li>
            </ul>
            <p>
                To build Commons Commpress, you need <a href="http://maven.apache.org">Maven 2</a>.
                Use: mvn install to build Compress and install it into your local repository.
            </p>
        </subsection>
<!--
         <subsection name="Archived Releases">
            <p>
               Older releases are retained by the Apache Software Foundation but are
               moved into a
               <a href="http://archive.apache.org/dist/commons/compress/">
             special archive area</a>.
            </p>
         </subsection>
-->
      </section>

   </body>
</document>
